﻿{
	"A": [
		{ "Initials": "apademcoloniasunidas", "Name": " ", "LocalName": "Obligado", "Gender": "", "Phone": "071720524", "DepartmentNO": "Hernandarias con Pirizal", "Department": "Itapúa", "Title": "Apadem Colonias Unidas", "Manager": "0717" },
		{ "Initials": "asociacionparaguayamisiondelaiglesiadedios", "Name": " ", "LocalName": "Obligado", "Gender": "", "Phone": "071720045", "DepartmentNO": "Hernandarias N°323 e/ Pilcomayo", "Department": "Itapúa", "Title": "Asociación Paraguaya Misión de la Iglesia de Dios", "Manager": "0717" },
		{ "Initials": "automovilesalemanes", "Name": " ", "LocalName": "Obligado", "Gender": "", "Phone": "240753", "DepartmentNO": "Ruta VI Km 45", "Department": "Itapúa", "Title": "Automóviles Alemanes S.A.", "Manager": "0717" },
		{ "Initials": "automovilesalemanes", "Name": " ", "LocalName": "Obligado", "Gender": "", "Phone": "240754", "DepartmentNO": "Ruta VI Km 45", "Department": "Itapúa", "Title": "Automóviles Alemanes S.A.", "Manager": "0717" },
		{ "Initials": "avalosyasociadosconsultores", "Name": " ", "LocalName": "Obligado", "Gender": "", "Phone": "071720408", "DepartmentNO": "Nanawa esquina Rodriguez de Francia", "Department": "Itapúa", "Title": "Avalos y Asociados Consultores S.A.", "Manager": "0717" },
		
		{ "Initials": "Alcidescaceres", "Name": "Caceres", "LocalName": "Obligado", "Gender": "Caceres", "Phone": "071720136", "DepartmentNO": "Eduardo Wagner S N", "Department": "Itapúa", "Title": "Alcides Cáceres Duarte", "Manager": "0717" },
		{ "Initials": "Arsenibenitezv", "Name": "Benitez", "LocalName": "Obligado", "Gender": "", "Phone": "071720052", "DepartmentNO": "Hernandarias e Itaipú", "Department": "Itapúa", "Title": "Arseni Benítez Villasanti", "Manager": "0717" },
		{ "Initials": "apascu", "Name": " ", "LocalName": "Obligado", "Gender": "", "Phone": "071720260", "DepartmentNO": "Av. Gral. R. de Francia", "Department": "Itapúa", "Title": "A.P.A.S.C.U", "Manager": "0717" },
		{ "Initials": "abraoribeiro", "Name": "Ribeiro", "LocalName": "Obligado", "Gender": "", "Phone": "071720146", "DepartmentNO": "Dr. Francia y Mcal. López", "Department": "Itapúa", "Title": "Abrao Ribeiro de Jesús", "Manager": "0717" },
		{ "Initials": "antonioacuniazalivar", "Name": "Acunia", "LocalName": "Obligado", "Gender": "", "Phone": "071720545", "DepartmentNO": "Juan E'Oleary e/ Itaipú y Paredes", "Department": "Itapúa", "Title": "Antonio Zenon Acuña Zalivar", "Manager": "0717" },
		{ "Initials": "administraconnacionaldeelectricidadande", "Name": "", "LocalName": "Obligado", "Gender": "", "Phone": "3286868", "DepartmentNO": "Ciudad de Obligado", "Department": "Itapúa", "Title": "Adminitración Nacional de Electricidad Ande", "Manager": "0717" },
		{ "Initials": "administraconnacionaldeelectricidadande", "Name": "", "LocalName": "Obligado", "Gender": "", "Phone": "3286869", "DepartmentNO": "Ciudad de Obligado", "Department": "Itapúa", "Title": "Adminitración Nacional de Electricidad Ande", "Manager": "0717" },
		{ "Initials": "albertojuanaedo", "Name": "Aedo", "LocalName": "Obligado", "Gender": "", "Phone": "071720539", "DepartmentNO": "Tajy e/ 4ta. y 3ra. Proyectada", "Department": "Itapúa", "Title": "Alberto Juan Aedo", "Manager": "0717" },
		{ "Initials": "alcidesalmadapinieiro", "Name": "Almada", "LocalName": "Obligado", "Gender": "", "Phone": "071720324", "DepartmentNO": "Avda. Padre Guillermo Hutte", "Department": "Itapúa", "Title": "Alcides Almada Piñeiro", "Manager": "0717" },
		{ "Initials": "adolfoamarillaperalta", "Name": "Amarilla", "LocalName": "Obligado", "Gender": "", "Phone": "071720330", "DepartmentNO": "José F. Bogado c/ Itaipú", "Department": "Itapúa", "Title": "Adolfo Miguel Amarilla Peralta", "Manager": "0717" },
		{ "Initials": "aliciaacuniaoliveira", "Name": "Acunia", "LocalName": "Obligado", "Gender": "", "Phone": "071720237", "DepartmentNO": "Avda. Dr. Francia", "Department": "Itapúa", "Title": "Alicia Oliveira Acuña", "Manager": "0717" },
		{ "Initials": "afipsa", "Name": "", "LocalName": "Obligado", "Gender": "", "Phone": "071720497", "DepartmentNO": "Avda. José G. Rodriguez de Francia", "Department": "Itapúa", "Title": "Afip S.A. (Agro Forestal Industria Paraguaya)", "Manager": "0717" }

	],
	"B": [
		{ "Initials": "Alcidescaceresduarte", "Name": "Caceres", "LocalName": "Obligado", "Gender": "", "Phone": "071720136", "DepartmentNO": "Eduardo Wagner S N", "Department": "Itapúa", "Title": "Alcides Cáceres Duarte", "Manager": "0717" },
		{ "Initials": "bernardoamarillaperalta", "Name": "Amarilla", "LocalName": "Obligado", "Gender": "", "Phone": "071720063", "DepartmentNO": "Hernandarias S/n", "Department": "Itapúa", "Title": "Bernardo Amarilla Peralta", "Manager": "0717" }

	],
	"C": [
		{ "Initials": "carmenisabelaquinoriveros", "Name": "Aquino", "LocalName": "Obligado", "Gender": "", "Phone": "071720027", "DepartmentNO": "José F. Bogado y Juan I Paredes", "Department": "Itapúa", "Title": "Carmen Isabel Aquino Riveros", "Manager": "0717" },
		
		{ "Initials": "celiaabegghahn", "Name": "Abegg", "LocalName": "Obligado", "Gender": "", "Phone": "071720291", "DepartmentNO": "Juan E'Oleary y Pirizal", "Department": "Itapúa", "Title": "Celia Ester Abegg Hahn", "Manager": "0717" },
		{ "Initials": "cristobalfidencioacunia", "Name": "Acunia", "LocalName": "Obligado", "Gender": "", "Phone": "071720183", "DepartmentNO": "Ignacio Paredes c/ Tayi", "Department": "Itapúa", "Title": "Cristóbal Fidencio Acuña B° S.", "Manager": "0717" },
		{ "Initials": "cristobalacunia", "Name": "Acunia", "LocalName": "Obligado", "Gender": "", "Phone": "071720559", "DepartmentNO": "Rinke Reinhold e/ Fulgencio Yegros", "Department": "Itapúa", "Title": "Cristóbal Claudio Acuña Bogado", "Manager": "0717" },
		{ "Initials": "Claudioramonaraujobobadilla", "Name": "Araujo", "LocalName": "Paraguari", "Gender": "", "Phone": "05312943", "DepartmentNO": "Gral. Díaz y Cap. Brizuela", "Department": "Paraguari", "Title": "Claudio Ramón Araujo Bobadilla", "Manager": "0531" },
		{ "Initials": "Copaco", "Name": "", "LocalName": "Paraguay", "Gender": "", "Phone": "12345678", "DepartmentNO": "Copaco", "Department": "Paraguay", "Title": "Copaco S.A.", "Manager": "1234" }
	],
	"D": [
		{ "Initials": "Damiancaceresvera", "Name": "Caceres", "LocalName": "Obligado", "Gender": "", "Phone": "071720201", "DepartmentNO": "Calle Tayi S N", "Department": "Itapúa", "Title": "Damián Cáceres Vera", "Manager": "0717" }
	],
	"E": [
		{ "Initials": "ernestoalmadapinieiro", "Name": "Almada", "LocalName": "Obligado", "Gender": "", "Phone": "071720082", "DepartmentNO": "Tayi y Juan Paredes", "Department": "Itapúa", "Title": "Ernesto Almada Piñeiro", "Manager": "0717" },
		{ "Initials": "Estebankeglerbronstrup", "Name": "Kegler", "LocalName": "Obligado", "Gender": "", "Phone": "071720034", "DepartmentNO": "Curupayty y José Félix Bogado", "Department": "Itapúa", "Title": "Esteban Kegler Bronstrup", "Manager": "0717" }
	],
	"F": [
		{ "Initials": "Fredyceferinodickelendler", "Name": "Dickel", "LocalName": "Obligado", "Gender": "", "Phone": "071720193", "DepartmentNO": "Barrio Victoria", "Department": "Itapúa", "Title": "Fredy Ceferino Dickel Endler", "Manager": "0717" }
	],
	"G": [
		{ "Initials": "Gladysnoemisetrinidepico", "Name": "Setrini", "LocalName": "Obligado", "Gender": "", "Phone": "071720137", "DepartmentNO": "Itaipú y J F Bogado", "Department": "Itapúa", "Title": "Gladys Noemi Setrini de Pico", "Manager": "0717" }
	],
	"H": [
		{ "Initials": "Henrigallasabegg", "Name": "Gallas", "LocalName": "Obligado", "Gender": "", "Phone": "071720123", "DepartmentNO": "Avda. Dr. Francia y Humaita", "Department": "Itapúa", "Title": "Henri Gallas Abegg", "Manager": "0717" }
	],
	"J": [
		{ "Initials": "josefinaamarillasantacruz", "Name": " ", "LocalName": "Obligado", "Gender": "", "Phone": "3281363", "DepartmentNO": "Ciudad de Obligado", "Department": "Itapúa", "Title": "Josefina Amarilla Santacruz", "Manager": "0717" },
		{ "Initials": "juanantonioayalacolman", "Name": " ", "LocalName": "Obligado", "Gender": "", "Phone": "071720121", "DepartmentNO": "Juan Parares S/n°", "Department": "Itapúa", "Title": "Juan Antonio Ayala Colmán", "Manager": "0717" },
		
		{ "Initials": "jorgeabbatecordazzoalter", "Name": "Cordazzo", "LocalName": "Obligado", "Gender": "", "Phone": "071720308", "DepartmentNO": "Reinhold Rinke e/ Pilcomayo y Acosta", "Department": "Itapúa", "Title": "Jorge Abbate Cordazzo Alter Vida", "Manager": "0717" },
		{ "Initials": "juliocesaramarillagamper", "Name": "Amarilla", "LocalName": "Obligado", "Gender": "", "Phone": "071720368", "DepartmentNO": "Avda. J.G.R. de Francia e/ Tledo y Curupayty", "Department": "Itapúa", "Title": "Julio Cesar Amarilla Gamper", "Manager": "0717" },
		{ "Initials": "juancabreraacunia", "Name": "Cabrera", "LocalName": "Obligado", "Gender": "", "Phone": "071720091", "DepartmentNO": "Avda. Tajy N°9002 e/ Avda. F. Yegros", "Department": "Itapúa", "Title": "Juan Cabrera Acuña", "Manager": "0717" },
		{ "Initials": "juancabreraacunia", "Name": "Cabrera", "LocalName": "Obligado", "Gender": "", "Phone": "071720097", "DepartmentNO": "Cerro Corá y Hernandarias", "Department": "Itapúa", "Title": "Juan Cabrera Acuña", "Manager": "0717" },
		{ "Initials": "Javierantoniorivas", "Name": "Javier", "LocalName": "Obligado", "Gender": "", "Phone": "071720033", "DepartmentNO": "Itapúa y Hernandarias y Cnel. Bogado", "Department": "Itapúa", "Title": "Javier Antonio Rivas", "Manager": "0717" }
	],
	"K": [
		{ "Initials": "Kanicetokressin", "Name": "Kressin", "LocalName": "Obligado", "Gender": "", "Phone": "071720038", "DepartmentNO": "Colonia Hohenau", "Department": "Itapúa", "Title": "K Aniceto Kressin", "Manager": "0717" }
	],
	"L": [
		{ "Initials": "luisalmadacaceres", "Name": "Almada", "LocalName": "Obligado", "Gender": "", "Phone": "071720312", "DepartmentNO": "Avda. José G. Rodriguez de Francia", "Department": "Itapúa", "Title": "Luís René Almada Cáceres", "Manager": "0717" },
		{ "Initials": "Luismullerwessely", "Name": "Muller", "LocalName": "Obligado", "Gender": " ", "Phone": "071720036", "DepartmentNO": " ", "Department": "Itapúa", "Title": "Luis Müller Wessely", "Manager": "0717" }
	],
	"M": [
		{ "Initials": "mariaallegrettideaquino", "Name": "Allegretti", "LocalName": "Acahay", "Gender": "", "Phone": "053520197", "DepartmentNO": "Tte. R. Cardozo y G. Gonzáles", "Department": "Paraguari", "Title": "Maria Silvina Allegretti de Aquino", "Manager": "0535" },
		{ "Initials": "mariafrancodezara", "Name": "Franco", "LocalName": "Acahay", "Gender": "", "Phone": "053520032", "DepartmentNO": "Juan Villa Real y Tte. Rogelio Cardozo", "Department": "Paraguari", "Title": "Maria Leda Iluminada Franco de Zara", "Manager": "0535" },
		{ "Initials": "mariaacuniaruizdiaz", "Name": "Acunia", "LocalName": "Bella Vista Sur", "Gender": "", "Phone": "0767411", "DepartmentNO": "E. Ayala e Itapúa c/ Alborada", "Department": "Itapúa", "Title": "Maria Ramona Acuña Ruíz Díaz", "Manager": "0767" },
		{ "Initials": "mariagonzalez", "Name": "Gonzalez", "LocalName": "Benjamín Aceval", "Gender": "", "Phone": "02712654", "DepartmentNO": "Gral. Díaz y Lomas Valentinas", "Department": "Presidente Hayes", "Title": "Maria Wilfrida González Chavez", "Manager": "0271" },
		{ "Initials": "mariacampuzanodegonzalez", "Name": "Campuzano", "LocalName": "Ciudad del Este", "Gender": "", "Phone": "061502313", "DepartmentNO": "Cap. del Puerto y Picuiba", "Department": "Alto Paraná", "Title": "María Ester Campuzano de González", "Manager": "061" },
		{ "Initials": "mariaromeromartinez", "Name": "Romero", "LocalName": "Concepción", "Gender": "", "Phone": "03140060", "DepartmentNO": "Agustín Fernando de Pinedo 37", "Department": "Concepción", "Title": "María Esperanza Romero Martinez", "Manager": "031" },
		{ "Initials": "mariacenturionvenialgo", "Name": "Centurion", "LocalName": "Coronel Oviedo", "Gender": "", "Phone": "0521204144", "DepartmentNO": "Pitiantuta", "Department": "Concepción", "Title": "María Ester Centurión Venialgo", "Manager": "0521" },
		{ "Initials": "miguelinaacunianoguera", "Name": "Acunia", "LocalName": "Obligado", "Gender": "", "Phone": "071720195", "DepartmentNO": "Nanawa c/ G. R. de Francia", "Department": "Itapúa", "Title": "Miguelina Acuña Vda. De Noguera", "Manager": "0717" },
		{ "Initials": "myriamelizabethacostadegerke", "Name": "Acosta", "LocalName": "Obligado", "Gender": "", "Phone": "071720449", "DepartmentNO": "Avda. Gaspar Rodriguez de Francia", "Department": "Itapúa", "Title": "Myriam Elizabeth Acosta de Gerke", "Manager": "0717" },
		{ "Initials": "Mariaauroracastillodeacunia", "Name": "Castillo", "LocalName": "Obligado", "Gender": "Avda. Fulgencio Yegros y Tayi", "Phone": "071720086", "DepartmentNO": " ", "Department": "Itapúa", "Title": "Maria Aurora Castillo de Acuña", "Manager": "0717" }
	],
	"N": [
		
	],

	"R": [
		{ "Initials": "richardabegghahn", "Name": "Abegg", "LocalName": "Obligado", "Gender": "", "Phone": "071720051", "DepartmentNO": "Av. Juan Oleary y Pirizal", "Department": "Itapúa", "Title": "Richard Abegg Hahn", "Manager": "0717" },
		{ "Initials": "richardabegghahn", "Name": "Abegg", "LocalName": "Obligado", "Gender": "", "Phone": "071720307", "DepartmentNO": "Av. Juan Oleary y Pirizal", "Department": "Itapúa", "Title": "Richard Abegg Hahn", "Manager": "0717" },
		{ "Initials": "ramonaacostacaballero", "Name": "Acosta", "LocalName": "Obligado", "Gender": "", "Phone": "07172020477", "DepartmentNO": "Avda. José G. R. de Francia", "Department": "Itapúa", "Title": "Ramona Elva Acosta de Caballero", "Manager": "0717" },
		{ "Initials": "raquelacuniadegaleano", "Name": "Acunia", "LocalName": "Obligado", "Gender": "", "Phone": "3289078", "DepartmentNO": "Dietze Jacobo", "Department": "Itapúa", "Title": "Raquel Gladys Acuña de Galeano", "Manager": "0717" },
		{ "Initials": "Rubenpedromullerreckziegel", "Name": "Muller", "LocalName": "Obligado", "Gender": "", "Phone": "071720295", "DepartmentNO": "Avda. Dr. Francia y Nanawa", "Department": "Itapúa", "Title": "Rubén Pedro Müller Reckziegel", "Manager": "0717" }
	],

	"V": [
		{ "Initials": "victorabegghahn", "Name": "Abegg", "LocalName": "Obligado", "Gender": "", "Phone": "071720047", "DepartmentNO": "Juan E'Oleary y Fortin Toledo", "Department": "Itapúa", "Title": "Victor Abegg Hahn", "Manager": "0717" },
		{ "Initials": "victorabegghahn", "Name": "Abegg", "LocalName": "Obligado", "Gender": "", "Phone": "071720513", "DepartmentNO": "Avda. Dr. J.G.R. de Francia e/ Curupayty", "Department": "Itapúa", "Title": "Victor Abegg Hahn", "Manager": "0717" },
		{ "Initials": "victoramarillaperalta", "Name": "Amarilla", "LocalName": "Obligado", "Gender": "", "Phone": "071720331", "DepartmentNO": "José F. Bogado c/ Itaipú", "Department": "Itapúa", "Title": "Victor Amarilla Peralta", "Manager": "0717" },
		{ "Initials": "victoramarillaperalta", "Name": "Amarilla", "LocalName": "Obligado", "Gender": "", "Phone": "071720442", "DepartmentNO": "Calle Pedro Eduardo Warner", "Department": "Itapúa", "Title": "Victor Amarilla Peralta", "Manager": "0717" }
	]

}
